{"https://bhashanet.in": {"Language": "English", "domain_token": true, "ssl_token": true, "content_token": "latin"}, "https://\u091c\u0932\u0936\u0915\u094d\u0924\u093f\u092e\u0902\u0924\u094d\u0930\u093e\u0932\u092f\u092a\u0947\u092f\u091c\u0932\u0914\u0930\u0938\u094d\u0935\u091a\u094d\u091b\u0924\u093e\u0935\u093f\u092d\u093e\u0917.\u0938\u0930\u0915\u093e\u0930.\u092d\u093e\u0930\u0924": {"Language": "Hindi", "domain_token": true, "ssl_token": true, "content_token": "hindi"}, "https://\u092a\u094d\u0930\u0938\u093e\u0930\u092d\u093e\u0930\u0924\u0940.\u0938\u0930\u0915\u093e\u0930.\u092d\u093e\u0930\u0924": {"Language": "Hindi", "domain_token": true, "ssl_token": false, "content_token": "latin"}, "https://\u0938\u094d\u0935\u093e\u0938\u094d\u0925\u094d\u092f\u0905\u0928\u0941\u0938\u0902\u0927\u093e\u0928\u0935\u093f\u092d\u093e\u0917.\u0938\u0930\u0915\u093e\u0930.\u092d\u093e\u0930\u0924": {"Language": "Hindi", "domain_token": false, "ssl_token": false, "content_token": false}, "https://\u0905\u0932\u094d\u092a\u0938\u0902\u0916\u094d\u092f\u0915\u0915\u093e\u0930\u094d\u092f\u092e\u0902\u0924\u094d\u0930\u093e\u0932\u092f.\u0938\u0930\u0915\u093e\u0930.\u092d\u093e\u0930\u0924": {"Language": "Hindi", "domain_token": true, "ssl_token": false, "content_token": "latin"}, "https://\u092a\u0940\u090f\u092e\u0907\u0902\u0921\u093f\u092f\u093e.\u0938\u0930\u0915\u093e\u0930.\u092d\u093e\u0930\u0924": {"Language": "Hindi", "domain_token": true, "ssl_token": false, "content_token": "latin"}, "https://\u0935\u093e\u0923\u093f\u091c\u094d\u092f\u0935\u093f\u092d\u093e\u0917.\u0938\u0930\u0915\u093e\u0930.\u092d\u093e\u0930\u0924": {"Language": "Hindi", "domain_token": true, "ssl_token": true, "content_token": "latin"}, "https://\u092a\u0940\u0906\u0908\u092c\u0940.\u0938\u0930\u0915\u093e\u0930.\u092d\u093e\u0930\u0924": {"Language": "Hindi", "domain_token": true, "ssl_token": false, "content_token": "mixed"}, "https://\u0907\u0938\u094d\u092a\u093e\u0924\u092e\u0902\u0924\u094d\u0930\u093e\u0932\u092f.\u0938\u0930\u0915\u093e\u0930.\u092d\u093e\u0930\u0924": {"Language": "Hindi", "domain_token": true, "ssl_token": false, "content_token": "hindi"}, "https://\u090f\u092e\u0913\u090f\u0938\u092a\u0940\u0906\u0908.\u0938\u0930\u0915\u093e\u0930.\u092d\u093e\u0930\u0924": {"Language": "Hindi", "domain_token": false, "ssl_token": false, "content_token": false}, "https://\u092e\u0902\u0924\u094d\u0930\u093f\u092e\u0902\u0921\u0932\u0938\u091a\u093f\u0935\u093e\u0932\u092f.\u0938\u0930\u0915\u093e\u0930.\u092d\u093e\u0930\u0924": {"Language": "Hindi", "domain_token": false, "ssl_token": false, "content_token": false}, "https://\u090f\u092e\u0913\u090f\u091a\u090f\u092b\u0921\u092c\u094d\u0932\u092f\u0942.\u0938\u0930\u0915\u093e\u0930.\u092d\u093e\u0930\u0924": {"Language": "Hindi", "domain_token": false, "ssl_token": false, "content_token": false}, "https://\u092a\u090a\u0935\u093f.\u0938\u0930\u0915\u093e\u0930.\u092d\u093e\u0930\u0924": {"Language": "Hindi", "domain_token": true, "ssl_token": true, "content_token": "hindi"}, "https://\u0930\u0915\u094d\u0937\u093e.\u0938\u0930\u0915\u093e\u0930.\u092d\u093e\u0930\u0924": {"Language": "Hindi", "domain_token": true, "ssl_token": true, "content_token": "latin"}, "https://\u0938\u093e\u092e\u093e\u091c\u093f\u0915\u0928\u094d\u092f\u093e\u092f\u0914\u0930\u0905\u0927\u093f\u0915\u093e\u0930\u093f\u0924\u093e\u092e\u0902\u0924\u094d\u0930\u093e\u0932\u092f.\u0938\u0930\u0915\u093e\u0930.\u092d\u093e\u0930\u0924": {"Language": "Hindi", "domain_token": true, "ssl_token": false, "content_token": "hindi"}, "https://\u0926\u0940\u092a\u092e.\u0938\u0930\u0915\u093e\u0930.\u092d\u093e\u0930\u0924": {"Language": "Hindi", "domain_token": true, "ssl_token": true, "content_token": "mixed"}, "https://\u0906\u0935\u093e\u0938\u0928\u0914\u0930\u0936\u0939\u0930\u0940\u0915\u093e\u0930\u094d\u092f\u092e\u0902\u0924\u094d\u0930\u093e\u0932\u092f.\u0938\u0930\u0915\u093e\u0930.\u092d\u093e\u0930\u0924": {"Language": "Hindi", "domain_token": true, "ssl_token": false, "content_token": "latin"}, "https://\u0909\u092a\u092d\u094b\u0915\u094d\u0924\u093e\u092e\u093e\u092e\u0932\u0947.\u0938\u0930\u0915\u093e\u0930.\u092d\u093e\u0930\u0924": {"Language": "Hindi", "domain_token": false, "ssl_token": false, "content_token": false}, "https://\u0915\u0947\u092e\u093f\u0915\u0932\u094d\u0938.\u0938\u0930\u0915\u093e\u0930.\u092d\u093e\u0930\u0924": {"Language": "Hindi", "domain_token": "", "ssl_token": false, "content_token": false}, "https://\u092a\u0943\u0925\u094d\u0935\u0940\u0935\u093f\u091c\u094d\u091e\u093e\u0928\u092e\u0902\u0924\u094d\u0930\u093e\u0932\u092f.\u0938\u0930\u0915\u093e\u0930.\u092d\u093e\u0930\u0924": {"Language": "Hindi", "domain_token": true, "ssl_token": false, "content_token": "latin"}, "https://\u0935\u093e\u092f\u090f\u090f\u0938.\u0938\u0930\u0915\u093e\u0930.\u092d\u093e\u0930\u0924": {"Language": "Hindi", "domain_token": true, "ssl_token": false, "content_token": "latin"}, "https://\u091c\u0928\u091c\u093e\u0924\u0940\u092f\u0915\u093e\u0930\u094d\u092f\u092e\u0902\u0924\u094d\u0930\u093e\u0932\u092f.\u0938\u0930\u0915\u093e\u0930.\u092d\u093e\u0930\u0924": {"Language": "Hindi", "domain_token": true, "ssl_token": false, "content_token": "latin"}, "https://\u0916\u093e\u0928\u092e\u0902\u0924\u094d\u0930\u093e\u0932\u092f.\u0938\u0930\u0915\u093e\u0930.\u092d\u093e\u0930\u0924": {"Language": "Hindi", "domain_token": true, "ssl_token": true, "content_token": "latin"}, "https://\u092a\u0947\u091f\u094d\u0930\u094b\u0932\u093f\u092f\u092e\u090f\u0935\u0902\u092a\u094d\u0930\u093e\u0915\u0943\u0924\u093f\u0915\u0917\u0948\u0938\u092e\u0902\u0924\u094d\u0930\u093e\u0932\u092f.\u0938\u0930\u0915\u093e\u0930.\u092d\u093e\u0930\u0924": {"Language": "Hindi", "domain_token": true, "ssl_token": false, "content_token": "latin"}, "https://\u0915\u0943\u0937\u093f\u0915\u0932\u094d\u092f\u093e\u0923.\u0938\u0930\u0915\u093e\u0930.\u092d\u093e\u0930\u0924": {"Language": "Hindi", "domain_token": true, "ssl_token": false, "content_token": "latin"}, "https://\u0935\u093f\u0926\u094d\u092f\u0941\u0924\u092e\u0902\u0924\u094d\u0930\u093e\u0932\u092f.\u0938\u0930\u0915\u093e\u0930.\u092d\u093e\u0930\u0924": {"Language": "Hindi", "domain_token": true, "ssl_token": false, "content_token": "latin"}, "https://\u092a\u0930\u094d\u092f\u091f\u0928\u092e\u0902\u0924\u094d\u0930\u093e\u0932\u092f.\u0938\u0930\u0915\u093e\u0930.\u092d\u093e\u0930\u0924": {"Language": "Hindi", "domain_token": true, "ssl_token": false, "content_token": "latin"}, "https://\u090f\u092e\u0906\u0908\u092c\u0940.\u0938\u0930\u0915\u093e\u0930.\u092d\u093e\u0930\u0924": {"Language": "Hindi", "domain_token": false, "ssl_token": false, "content_token": false}, "https://\u090f\u092e\u0921\u094b\u0928\u0930.\u0938\u0930\u0915\u093e\u0930.\u092d\u093e\u0930\u0924": {"Language": "Hindi", "domain_token": true, "ssl_token": false, "content_token": "latin"}, "https://\u0921\u0940\u0913\u092a\u0940\u091f\u0940.\u0938\u0930\u0915\u093e\u0930.\u092d\u093e\u0930\u0924": {"Language": "Hindi", "domain_token": true, "ssl_token": false, "content_token": "mixed"}, "https://\u0915\u093e\u0930\u094d\u092e\u093f\u0915\u0914\u0930\u092a\u094d\u0930\u0936\u093f\u0915\u094d\u0937\u0923\u0935\u093f\u092d\u093e\u0917.\u0938\u0930\u0915\u093e\u0930.\u092d\u093e\u0930\u0924": {"Language": "Hindi", "domain_token": true, "ssl_token": false, "content_token": "mixed"}, "https://\u090f\u092e\u090f\u0938\u0921\u0940\u0908.\u0938\u0930\u0915\u093e\u0930.\u092d\u093e\u0930\u0924": {"Language": "Hindi", "domain_token": true, "ssl_token": false, "content_token": "latin"}, "https://\u0909\u0926\u094d\u092f\u094b\u0917\u0938\u0902\u0935\u0930\u094d\u0927\u0928\u0914\u0930\u0906\u0902\u0924\u0930\u093f\u0915\u0935\u094d\u092f\u093e\u092a\u093e\u0930\u0935\u093f\u092d\u093e\u0917.\u0938\u0930\u0915\u093e\u0930.\u092d\u093e\u0930\u0924": {"Language": "Hindi", "domain_token": true, "ssl_token": false, "content_token": "hindi"}, "https://\u0936\u093f\u092a\u092e\u093f\u0928.\u0938\u0930\u0915\u093e\u0930.\u092d\u093e\u0930\u0924": {"Language": "Hindi", "domain_token": false, "ssl_token": false, "content_token": false}, "https://\u0930\u093e\u091c\u092d\u093e\u0937\u093e.\u0938\u0930\u0915\u093e\u0930.\u092d\u093e\u0930\u0924": {"Language": "Hindi", "domain_token": true, "ssl_token": false, "content_token": "hindi"}, "https://\u090f\u092e\u090f\u0928\u0906\u0930\u0908.\u0938\u0930\u0915\u093e\u0930.\u092d\u093e\u0930\u0924": {"Language": "Hindi", "domain_token": false, "ssl_token": false, "content_token": false}, "https://\u092a\u0902\u091a\u093e\u092f\u0924.\u0938\u0930\u0915\u093e\u0930.\u092d\u093e\u0930\u0924": {"Language": "Hindi", "domain_token": "", "ssl_token": false, "content_token": false}, "https://\u0928\u0940\u0924\u093f.\u0938\u0930\u0915\u093e\u0930.\u092d\u093e\u0930\u0924": {"Language": "Hindi", "domain_token": true, "ssl_token": false, "content_token": "mixed"}, "https://\u0938\u0942\u0915\u094d\u0937\u094d\u092e\u0932\u0918\u0941\u0914\u0930\u092e\u0927\u094d\u092f\u092e\u0909\u0926\u094d\u092f\u092e\u092e\u0902\u0924\u094d\u0930\u093e\u0932\u092f.\u0938\u0930\u0915\u093e\u0930.\u092d\u093e\u0930\u0924": {"Language": "Hindi", "domain_token": false, "ssl_token": false, "content_token": false}, "https://\u090f\u092e\u092a\u0940\u090f.\u0938\u0930\u0915\u093e\u0930.\u092d\u093e\u0930\u0924": {"Language": "Hindi", "domain_token": false, "ssl_token": false, "content_token": false}, "https://\u0917\u0943\u0939\u092e\u0902\u0924\u094d\u0930\u093e\u0932\u092f.\u0938\u0930\u0915\u093e\u0930.\u092d\u093e\u0930\u0924": {"Language": "Hindi", "domain_token": true, "ssl_token": false, "content_token": "latin"}, "https://\u0921\u0940\u090f\u0906\u0930\u092a\u0940\u091c\u0940.\u0938\u0930\u0915\u093e\u0930.\u092d\u093e\u0930\u0924": {"Language": "Hindi", "domain_token": true, "ssl_token": false, "content_token": "mixed"}, "https://\u0921\u0940\u0913\u091f\u0940.\u0938\u0930\u0915\u093e\u0930.\u092d\u093e\u0930\u0924": {"Language": "Hindi", "domain_token": true, "ssl_token": false, "content_token": "latin"}, "https://\u0915\u093e\u0930\u094d\u092e\u093f\u0915\u090f\u0935\u0902\u092a\u094d\u0930\u0936\u093f\u0915\u094d\u0937\u0923\u0935\u093f\u092d\u093e\u0917.\u0938\u0930\u0915\u093e\u0930.\u092d\u093e\u0930\u0924": {"Language": "Hindi", "domain_token": true, "ssl_token": false, "content_token": "mixed"}, "https://\u090f\u09383\u0935\u093e\u0938.\u0938\u0930\u0915\u093e\u0930.\u092d\u093e\u0930\u0924": {"Language": "Hindi", "domain_token": false, "ssl_token": false, "content_token": false}, "https://\u0930\u093e\u091c\u092d\u093e\u0937\u093e\u0915\u094d\u0932\u093e\u0909\u0921.\u0938\u0930\u0915\u093e\u0930.\u092d\u093e\u0930\u0924": {"Language": "Hindi", "domain_token": false, "ssl_token": false, "content_token": false}, "https://\u090f\u0938\u091f\u0940\u0915\u094d\u092f\u0942\u0938\u0940.\u0938\u0930\u0915\u093e\u0930.\u092d\u093e\u0930\u0924": {"Language": "Hindi", "domain_token": true, "ssl_token": false, "content_token": "latin"}, "https://\u0938\u0940\u090f\u0938\u0915\u0947.\u0938\u0930\u0915\u093e\u0930.\u092d\u093e\u0930\u0924": {"Language": "Hindi", "domain_token": true, "ssl_token": true, "content_token": "hindi"}, "https://\u0907\u0902\u0921\u093f\u092f\u093e.\u0938\u0930\u0915\u093e\u0930.\u092d\u093e\u0930\u0924": {"Language": "Hindi", "domain_token": true, "ssl_token": true, "content_token": "hindi"}, "https://\u090f\u092e\u0908\u0906\u0908\u091f\u0940\u0935\u093e\u0908.\u0938\u0930\u0915\u093e\u0930.\u092d\u093e\u0930\u0924": {"Language": "Hindi", "domain_token": true, "ssl_token": true, "content_token": "hindi"}, "https://\u0930\u091c\u093f\u0938\u094d\u091f\u094d\u0930\u0940.\u0938\u0930\u0915\u093e\u0930.\u092d\u093e\u0930\u0924": {"Language": "Hindi", "domain_token": true, "ssl_token": true, "content_token": "latin"}}